{
  "soups": [
    {
      "soupName": "contacts",
      "indexes": [
        { "path": "Id", "type": "string"},
        { "path": "FirstName", "type": "string"},
        { "path": "LastName", "type": "string"},
        { "path": "__local__", "type": "string"},
        { "path": "__locally_created__", "type": "string"},
        { "path": "__locally_updated__", "type": "string"},
        { "path": "__locally_deleted__", "type": "string"},
        { "path": "__sync_id__", "type": "integer"}
      ]
    },

    {
      "soupName": "products",
      "indexes": [
        { "path": "Id", "type": "string"},
        { "path": "Name", "type": "string"},
        { "path": "ProductCode", "type": "string"},
        { "path": "__local__", "type": "string"},
        { "path": "__locally_created__", "type": "string"},
        { "path": "__locally_updated__", "type": "string"},
        { "path": "__locally_deleted__", "type": "string"},
        { "path": "__sync_id__", "type": "integer"}
      ]
    },

    {
      "soupName": "priceBook",
      "indexes": [
        { "path": "IsActive", "type": "string"},
        { "path": "Name", "type": "string"},
        { "path": "ProductCode", "type": "string"},
        { "path": "Product2Id", "type": "string"},
        { "path": "UseStandardPrice", "type": "string"},
        { "path": "UnitPrice", "type": "string"},
        { "path": "__local__", "type": "string"},
        { "path": "__locally_created__", "type": "string"},
        { "path": "__locally_updated__", "type": "string"},
        { "path": "__locally_deleted__", "type": "string"},
        { "path": "__sync_id__", "type": "integer"}
      ]
    }
  ]
}